"Date","Price","Open","High","Low","Vol.","Change %"
"07/09/2026","76,992.40","76,949.00","77,638.35","76,850.00","44.94K","0.30%"
"07/08/2026","76,758.60","78,145.00","78,145.00","76,559.20","53.74K","-2.13%"
"07/07/2026","78,429.10","78,650.00","78,899.00","78,300.75","16.50K","-0.20%"
"07/06/2026","78,583.50","78,200.00","78,660.00","78,111.55","11.16K","0.58%"
"07/03/2026","78,128.90","78,320.00","78,420.00","78,059.45","27.26K","0.29%"
"07/02/2026","77,906.20","77,650.00","77,962.05","77,520.50","35.18K","0.65%"
"07/01/2026","77,400.05","77,345.00","77,527.00","76,989.25","26.40K","0.34%"
"06/30/2026","77,140.10","77,439.00","77,439.00","76,901.00","18.50K","-0.06%"
"06/29/2026","77,187.35","77,679.95","77,710.00","77,111.05","25.30K","-0.64%"
"06/25/2026","77,684.55","77,699.00","78,283.35","77,575.00","45.76K","0.78%"
"06/24/2026","77,079.55","76,100.05","77,237.10","76,100.05","40.72K","1.01%"
"06/23/2026","76,306.55","77,000.00","77,220.00","76,141.90","23.18K","-1.14%"
"06/22/2026","77,184.50","77,000.00","77,350.00","77,000.00","15.78K","0.32%"
"06/19/2026","76,936.30","77,053.00","77,200.05","76,569.30","23.98K","-0.69%"
"06/18/2026","77,467.85","77,080.95","77,571.35","76,951.00","44.62K","0.40%"
"06/17/2026","77,156.55","76,821.00","77,196.15","76,812.15","26.50K","0.44%"
"06/16/2026","76,821.45","76,695.00","76,869.00","76,432.40","17.82K","0.54%"
"06/15/2026","76,411.25","76,945.00","76,945.00","76,262.35","36.56K","0.94%"
"06/12/2026","75,699.70","74,691.00","75,796.70","74,465.00","55.32K","2.34%"
"06/11/2026","73,971.80","73,741.00","74,512.50","73,661.95","45.06K","-0.20%"
"06/10/2026","74,120.20","74,299.95","74,736.25","74,008.50","26.24K","-0.19%"
"06/09/2026","74,263.70","74,250.00","74,300.00","73,700.00","21.56K","0.72%"
"06/08/2026","73,734.40","73,939.95","74,200.00","73,601.05","21.10K","-1.12%"
"06/05/2026","74,566.10","74,999.00","74,999.00","74,275.05","32.94K","-0.27%"
"06/04/2026","74,768.45","74,425.00","74,850.00","74,162.90","79.12K","-0.08%"
"06/03/2026","74,825.05","75,039.90","75,100.00","73,900.00","68.00K","-0.53%"
"06/02/2026","75,220.00","74,399.90","75,309.75","74,100.60","34.06K","0.72%"
"06/01/2026","74,684.85","75,622.65","75,622.65","74,600.00","41.20K","-1.24%"
"05/29/2026","75,622.65","76,550.00","76,651.25","75,461.25","65.34K","-1.00%"
"05/27/2026","76,385.60","76,300.10","76,649.00","76,222.05","41.94K","0.42%"
"05/26/2026","76,066.60","76,594.95","76,658.10","75,923.00","23.92K","-0.70%"
"05/25/2026","76,605.40","76,089.00","76,811.00","75,988.05","26.90K","1.49%"
"05/22/2026","75,478.30","75,249.95","75,889.00","75,249.95","29.20K","0.42%"
"05/21/2026","75,162.10","75,801.00","75,959.55","74,943.65","51.10K","-0.33%"
"05/20/2026","75,411.50","74,605.00","75,560.00","74,496.65","28.66K","0.18%"
"05/19/2026","75,272.35","75,396.80","75,850.00","75,184.00","24.72K","-0.17%"
"05/18/2026","75,396.80","74,601.30","75,535.55","74,325.00","30.86K","0.09%"
"05/15/2026","75,332.45","75,575.05","75,990.00","75,170.00","24.26K","-0.30%"
"05/14/2026","75,558.40","75,339.00","75,871.65","74,683.15","61.70K","0.89%"
"05/13/2026","74,890.75","74,900.00","75,437.50","74,421.20","42.24K","0.03%"
"05/12/2026","74,870.05","75,900.00","76,028.20","74,750.00","47.46K","-1.97%"
"05/11/2026","76,377.80","76,750.00","77,057.60","76,306.00","29.12K","-1.67%"
"05/08/2026","77,675.45","78,090.80","78,092.95","77,430.00","23.00K","-0.70%"
"05/07/2026","78,225.10","78,840.00","78,840.00","78,050.00","73.66K","-0.42%"
"05/06/2026","78,557.15","77,802.00","78,635.00","77,270.00","60.66K","1.32%"
"05/05/2026","77,537.40","77,520.00","77,674.95","76,950.05","29.60K","-0.47%"
"05/04/2026","77,906.35","78,299.00","78,500.00","77,450.00","33.64K","0.31%"
"04/30/2026","77,666.55","77,700.05","77,849.95","76,739.80","45.38K","0.19%"
"04/29/2026","77,516.20","77,250.00","78,064.10","77,100.00","28.96K","0.74%"
"04/28/2026","76,947.25","77,349.95","77,520.00","76,845.75","17.86K","-0.63%"
"04/27/2026","77,432.25","76,968.00","77,512.10","76,968.00","21.52K","0.86%"
"04/24/2026","76,770.55","77,501.00","77,949.95","76,489.10","27.34K","-1.22%"
"04/23/2026","77,721.15","78,050.00","78,195.00","77,645.05","66.04K","-1.13%"
"04/22/2026","78,605.50","79,144.00","79,167.20","78,473.00","31.64K","-0.97%"
"04/21/2026","79,374.95","78,451.00","79,435.55","78,451.00","28.08K","1.05%"
"04/20/2026","78,550.30","78,759.00","79,023.00","78,350.00","22.82K","-0.10%"
"04/17/2026","78,631.80","77,935.00","78,758.15","77,660.90","22.82K","0.68%"
"04/16/2026","78,101.75","78,700.00","78,800.00","77,804.00","76.98K","-0.26%"
"04/15/2026","78,302.55","78,450.00","78,599.95","78,100.00","41.94K","1.60%"
"04/13/2026","77,072.30","76,221.00","77,287.95","76,221.00","42.86K","-0.97%"
"04/10/2026","77,828.10","77,301.30","77,894.10","77,266.00","30.82K","0.99%"
"04/09/2026","77,063.45","77,511.00","77,784.45","76,700.00","60.52K","-1.07%"
"04/08/2026","77,894.35","77,490.00","78,032.85","76,709.65","84.56K","3.99%"
"04/07/2026","74,907.75","74,200.00","74,994.40","73,754.95","39.44K","0.38%"
"04/06/2026","74,627.20","73,765.40","74,731.80","73,224.10","44.80K","1.17%"
"04/02/2026","73,765.35","72,550.00","73,963.40","72,133.50","140.94K","0.07%"
"04/01/2026","73,713.05","73,782.00","74,515.65","73,600.00","129.32K","1.47%"
"03/30/2026","72,644.30","73,111.00","73,825.05","72,459.85","258.68K","-2.14%"
"03/27/2026","74,236.05","75,655.00","75,655.00","74,200.00","248.42K","-2.25%"
"03/25/2026","75,947.50","75,460.00","76,430.00","75,301.00","54.30K","2.48%"
"03/24/2026","74,111.80","73,751.00","74,500.00","73,088.65","63.46K","1.91%"
"03/23/2026","72,722.40","73,900.00","73,900.00","72,561.10","60.60K","-2.51%"
"03/20/2026","74,597.00","74,440.00","75,375.00","74,388.45","54.14K","0.43%"
"03/19/2026","74,274.95","75,300.00","75,631.30","73,933.45","88.68K","-3.21%"
"03/18/2026","76,739.60","76,421.00","77,060.00","76,318.85","57.78K","0.74%"
"03/17/2026","76,174.90","75,982.00","76,351.75","75,439.00","49.98K","0.78%"
"03/16/2026","75,584.40","74,260.30","75,934.10","74,128.35","66.96K","1.13%"
"03/13/2026","74,741.15","75,500.30","75,862.70","74,630.00","61.92K","-2.14%"
"03/12/2026","76,375.20","76,500.00","77,033.00","76,180.00","70.82K","-1.02%"
"03/11/2026","77,159.25","78,700.00","78,799.95","77,104.80","56.88K","-1.89%"
"03/10/2026","78,648.80","78,394.05","78,724.55","78,051.05","34.84K","0.83%"
"03/09/2026","78,004.00","77,899.00","78,200.00","76,802.00","58.10K","-1.55%"
"03/06/2026","79,229.05","79,995.00","80,050.00","79,071.25","34.22K","-1.30%"
"03/05/2026","80,270.55","79,897.00","80,598.95","79,520.05","78.48K","0.96%"
"03/04/2026","79,508.85","78,899.00","79,867.05","78,848.10","72.58K","-1.33%"
"03/02/2026","80,579.40","81,300.00","81,300.00","79,500.05","57.92K","-1.50%"
"02/27/2026","81,807.65","82,808.40","82,808.40","81,614.45","38.80K","-1.22%"
"02/26/2026","82,814.90","82,610.00","83,146.05","82,525.15","40.96K","0.60%"
"02/25/2026","82,321.75","82,690.00","83,025.00","82,175.00","42.72K","-0.02%"
"02/24/2026","82,335.90","83,000.00","83,000.00","82,045.00","28.54K","-1.19%"
"02/23/2026","83,324.20","83,150.00","83,550.00","83,025.00","20.26K","0.53%"
"02/20/2026","82,888.85","82,400.00","83,259.00","82,301.90","31.92K","0.50%"
"02/19/2026","82,477.95","83,990.00","84,000.00","82,317.45","42.00K","-1.60%"
"02/18/2026","83,815.60","83,614.30","83,859.00","83,325.00","23.44K","0.28%"
"02/17/2026","83,580.05","83,300.00","83,725.00","83,126.60","19.66K","0.14%"
"02/16/2026","83,463.40","82,654.05","83,500.00","82,592.95","22.60K","0.77%"
"02/13/2026","82,829.40","83,740.00","83,740.00","82,730.00","29.14K","-1.28%"
"02/12/2026","83,900.05","84,266.25","84,266.25","83,800.00","25.32K","-0.63%"
"02/11/2026","84,427.95","84,650.00","84,694.50","84,356.55","16.92K","-0.10%"
"02/10/2026","84,513.60","84,483.95","84,683.40","84,338.10","19.30K","0.26%"
"02/09/2026","84,291.40","84,250.30","84,399.95","84,200.00","21.08K","0.56%"
"02/06/2026","83,822.45","83,590.00","83,849.00","83,304.00","22.12K","0.07%"
"02/05/2026","83,760.55","84,111.00","84,111.00","83,641.40","38.60K","-0.53%"
"02/04/2026","84,206.10","83,750.05","84,368.90","83,750.05","31.66K","0.04%"
"02/03/2026","84,170.90","85,150.30","85,343.85","83,391.15","65.16K","2.56%"
"02/02/2026","82,070.35","80,999.95","82,133.85","80,905.55","35.04K","1.02%"
"02/01/2026","81,245.05","82,999.95","83,280.00","80,486.20","61.08K","-2.00%"
"01/30/2026","82,904.25","82,893.00","83,048.65","82,520.00","33.30K","-0.42%"
"01/29/2026","83,250.75","82,810.10","83,349.95","82,389.40","36.18K","1.04%"
"01/28/2026","82,394.80","82,225.00","82,538.80","81,876.70","39.24K","0.37%"
"01/27/2026","82,089.40","82,150.00","82,220.00","81,267.25","32.70K","0.49%"
"01/23/2026","81,686.80","82,550.00","82,613.85","81,609.75","24.98K","-1.12%"
"01/22/2026","82,613.30","82,500.00","82,989.90","82,084.15","46.12K","0.62%"
"01/21/2026","82,104.65","82,100.15","82,616.00","81,355.30","48.14K","-0.37%"
"01/20/2026","82,406.30","83,450.00","83,450.00","82,307.25","21.90K","-1.19%"
"01/19/2026","83,399.45","83,591.25","83,629.75","83,154.90","21.42K","-0.56%"
"01/16/2026","83,866.45","83,847.95","84,429.00","83,770.00","24.80K","0.22%"
"01/14/2026","83,683.50","83,764.45","84,088.00","83,547.00","35.84K","-0.33%"
"01/13/2026","83,964.45","84,400.40","84,516.45","83,600.90","37.82K","-0.41%"
"01/12/2026","84,310.40","83,955.00","84,353.65","83,278.80","29.28K","0.31%"
"01/09/2026","84,046.45","84,590.65","84,794.10","83,872.85","26.18K","-0.74%"
"01/08/2026","84,675.30","85,312.00","85,341.90","84,619.80","35.08K","-0.85%"
"01/07/2026","85,400.60","85,500.00","85,531.30","85,250.00","20.12K","-0.17%"
"01/06/2026","85,547.75","85,940.00","85,940.00","85,437.65","18.98K","-0.33%"
"01/05/2026","85,827.30","86,299.90","86,434.55","85,750.00","17.80K","-0.44%"
"01/02/2026","86,206.70","85,849.95","86,280.95","85,797.70","15.30K","0.54%"
"01/01/2026","85,747.35","86,099.75","86,099.75","85,700.00","14.94K","-0.08%"
"12/31/2025","85,815.55","85,459.00","85,900.85","85,323.70","26.46K","0.56%"
"12/30/2025","85,340.10","85,287.00","85,441.75","85,128.00","17.34K","-0.07%"
"12/29/2025","85,395.90","86,150.00","86,200.00","85,281.05","14.54K","-0.35%"
"12/26/2025","85,693.05","86,124.95","86,124.95","85,623.05","10.82K","-0.40%"
"12/24/2025","86,036.15","86,298.70","86,310.00","85,981.00","9.74K","0.58%"
"12/23/2025","85,541.95","85,680.05","85,680.05","85,375.05","15.24K","0.02%"
"12/22/2025","85,528.15","85,989.00","85,989.00","85,341.90","12.14K","0.60%"
"12/19/2025","85,013.85","84,750.50","85,123.00","84,750.50","14.22K","0.46%"
"12/18/2025","84,621.60","84,739.65","84,914.70","84,430.00","32.14K","-0.16%"
"12/17/2025","84,760.65","85,011.00","85,082.05","84,630.00","15.82K","-0.19%"
"12/16/2025","84,924.45","85,299.95","85,299.95","84,892.80","14.74K","-0.56%"
"12/15/2025","85,401.95","85,300.00","85,459.80","85,058.05","17.48K","-0.13%"
"12/12/2025","85,516.35","85,301.10","85,575.90","85,250.00","19.62K","0.46%"
"12/11/2025","85,126.05","85,010.00","85,184.05","84,499.70","40.80K","0.46%"
"12/10/2025","84,734.35","85,184.50","85,350.00","84,689.30","26.46K","-0.39%"
"12/09/2025","85,064.50","85,430.00","85,430.00","84,847.75","24.28K","-0.51%"
"12/08/2025","85,504.35","86,500.00","86,500.00","85,305.10","18.72K","-0.73%"
"12/05/2025","86,132.05","85,726.30","86,230.00","85,624.15","26.30K","0.45%"
"12/04/2025","85,746.40","85,552.20","85,940.00","85,431.40","36.86K","0.17%"
"12/03/2025","85,602.95","85,750.95","85,789.90","85,318.80","24.04K","-0.24%"
"12/02/2025","85,806.25","86,000.05","86,142.30","85,710.00","22.38K","-0.48%"
"12/01/2025","86,218.85","86,739.95","86,739.95","86,120.00","22.60K","-0.15%"
"11/28/2025","86,350.50","86,310.00","86,518.05","86,225.00","15.14K","0.05%"
"11/27/2025","86,310.30","86,200.00","86,600.00","86,063.45","28.40K","0.83%"
"11/26/2025","85,601.95","84,944.25","85,629.55","84,934.50","32.36K","1.06%"
"11/25/2025","84,702.30","85,086.60","85,213.15","84,637.30","22.30K","-0.47%"
"11/24/2025","85,106.25","85,211.05","85,599.85","85,024.95","15.12K","-0.30%"
"11/21/2025","85,362.40","85,549.00","85,699.00","85,301.00","24.74K","-0.48%"
"11/20/2025","85,770.45","85,400.00","85,892.20","85,292.60","44.30K","0.61%"
"11/19/2025","85,247.95","84,697.55","85,296.65","84,694.70","23.20K","0.41%"
"11/18/2025","84,900.55","85,300.00","85,350.00","84,750.00","16.30K","-0.30%"
"11/17/2025","85,156.25","84,923.30","85,222.90","84,841.00","15.32K","0.40%"
"11/14/2025","84,816.35","84,771.10","84,888.00","84,362.80","31.52K","0.05%"
"11/13/2025","84,771.05","84,255.60","85,185.00","84,255.60","43.10K","-0.12%"
"11/12/2025","84,869.95","84,450.05","84,956.60","84,450.05","33.68K","0.69%"
"11/11/2025","84,288.70","84,002.45","84,386.85","83,540.05","31.78K","0.34%"
"11/10/2025","84,005.65","83,892.30","84,120.00","83,701.00","20.76K","0.41%"
"11/07/2025","83,663.30","83,550.05","83,829.65","83,104.90","33.68K","-0.15%"
"11/06/2025","83,790.10","84,295.00","84,295.00","83,733.85","42.86K","-0.21%"
"11/04/2025","83,966.30","84,516.75","84,541.45","83,920.00","19.06K","-0.69%"
"11/03/2025","84,553.35","84,488.05","84,650.00","84,200.00","19.72K","-0.08%"
"10/31/2025","84,624.60","85,000.00","85,225.00","84,560.00","35.02K","-0.47%"
"10/30/2025","85,027.45","85,451.10","85,451.10","84,981.10","27.06K","-0.11%"
"10/29/2025","85,118.50","84,809.95","85,206.00","84,808.25","25.02K","0.45%"
"10/28/2025","84,737.30","85,030.25","85,135.75","84,434.15","12.08K","-0.29%"
"10/27/2025","84,980.50","84,507.40","85,145.00","84,507.35","14.22K","0.83%"
"10/24/2025","84,283.75","84,979.20","84,979.20","84,041.55","22.94K","-0.67%"
"10/23/2025","84,856.00","85,205.05","85,473.40","84,727.95","55.02K","0.30%"
"10/21/2025","84,598.65","84,665.80","84,775.60","84,467.30","7.54K","-0.08%"
"10/20/2025","84,665.75","84,620.00","84,838.80","84,446.25","23.34K","0.65%"
"10/17/2025","84,121.55","83,571.25","84,418.90","83,474.65","35.70K","0.51%"
"10/16/2025","83,697.35","83,198.95","83,800.00","83,173.80","32.84K","0.87%"
"10/15/2025","82,971.70","82,446.00","83,064.95","82,446.00","24.56K","0.76%"
"10/14/2025","82,346.45","82,769.75","82,938.50","82,125.00","18.84K","-0.41%"
"10/13/2025","82,683.65","82,984.00","82,984.00","82,405.45","13.60K","-0.36%"
"10/10/2025","82,982.20","82,599.05","83,100.00","82,490.45","24.14K","0.56%"
"10/09/2025","82,516.60","82,124.90","82,550.00","82,097.75","21.82K","0.48%"
"10/08/2025","82,124.85","82,349.00","82,637.45","82,021.80","22.98K","-0.33%"
"10/07/2025","82,400.85","82,329.95","82,689.95","82,228.40","18.72K","0.15%"
"10/06/2025","82,279.65","81,601.00","82,348.65","81,287.55","20.78K","0.71%"
"10/03/2025","81,696.00","81,425.00","81,744.00","81,246.00","16.06K","0.18%"
"10/01/2025","81,546.35","81,000.00","81,601.55","80,862.85","34.38K","0.70%"
"09/30/2025","80,977.00","81,105.00","81,299.90","80,824.70","17.48K","-0.19%"
"09/29/2025","81,132.45","81,220.00","81,507.80","80,947.80","24.94K","0.08%"
"09/26/2025","81,066.90","81,880.00","81,880.00","80,961.10","29.04K","-1.11%"
"09/25/2025","81,978.30","82,330.00","82,524.10","81,907.65","26.58K","0.22%"
"09/24/2025","81,798.95","82,055.70","82,055.70","81,718.50","32.38K","-0.62%"
"09/23/2025","82,308.75","82,426.25","82,500.75","81,950.00","23.20K","-0.04%"
"09/22/2025","82,343.90","82,549.00","82,710.20","82,233.75","22.78K","-0.57%"
"09/19/2025","82,811.95","82,980.00","83,084.75","82,664.00","22.76K","-0.45%"
"09/18/2025","83,185.60","83,111.00","83,263.05","82,976.95","37.82K","0.32%"
"09/17/2025","82,920.20","82,800.00","82,951.20","82,729.40","24.04K","0.39%"
"09/16/2025","82,599.35","81,940.00","82,734.00","81,940.00","22.36K","0.68%"
"09/15/2025","82,041.00","82,160.10","82,207.00","82,005.85","12.86K","-0.12%"
"09/12/2025","82,143.45","81,987.00","82,200.00","81,911.25","18.16K","0.35%"
"09/11/2025","81,853.80","81,898.80","81,898.80","81,671.60","29.74K","0.12%"
"09/10/2025","81,754.50","81,710.00","81,917.15","81,601.60","23.72K","0.46%"
"09/09/2025","81,383.70","81,400.00","81,430.00","81,250.05","13.20K","0.22%"
"09/08/2025","81,201.20","81,255.00","81,465.35","81,110.00","18.78K","0.14%"
"09/05/2025","81,089.45","81,320.90","81,350.00","80,662.30","28.08K","0.02%"
"09/04/2025","81,070.90","81,475.00","81,686.05","81,015.00","46.24K","0.18%"
"09/03/2025","80,922.25","80,750.10","81,006.25","80,432.85","26.86K","0.38%"
"09/02/2025","80,618.35","81,000.00","81,180.00","80,499.00","22.30K","-0.28%"
"09/01/2025","80,848.55","80,598.90","80,877.60","80,558.70","14.54K","0.58%"
"08/29/2025","80,384.65","80,525.00","80,850.60","80,305.25","18.16K","-0.34%"
"08/28/2025","80,660.30","81,181.35","81,181.35","80,610.00","20.88K","-0.88%"
"08/26/2025","81,372.70","81,900.00","81,949.80","81,320.00","21.84K","-0.38%"
"08/25/2025","81,685.05","81,536.45","81,811.40","81,460.40","22.34K","0.34%"
"08/22/2025","81,409.25","81,912.55","81,932.25","81,387.65","24.06K","-0.85%"
"08/21/2025","82,106.75","82,138.00","82,260.00","81,977.20","19.18K","0.21%"
"08/20/2025","81,935.90","81,727.10","82,019.80","81,500.00","17.62K","0.19%"
"08/19/2025","81,780.90","81,487.75","81,879.50","81,426.20","23.88K","0.27%"
"08/18/2025","81,558.10","81,110.00","81,939.20","81,026.60","26.96K","0.92%"
"08/14/2025","80,811.45","80,776.40","80,967.80","80,750.00","11.08K","-0.06%"
"08/13/2025","80,857.25","80,683.00","80,940.00","80,620.00","19.34K","0.40%"
"08/12/2025","80,533.60","80,610.05","81,221.10","80,480.00","23.44K","-0.28%"
"08/11/2025","80,756.45","80,144.00","80,804.75","80,144.00","11.60K","0.69%"
"08/08/2025","80,201.10","80,525.00","80,858.00","80,100.00","8.02K","-0.89%"
"08/07/2025","80,917.75","80,500.00","81,050.00","80,086.70","8.50K","0.14%"
"08/06/2025","80,805.10","80,525.00","81,088.50","80,316.60","3.38K","-0.26%"
"08/05/2025","81,012.75","80,825.00","81,380.00","80,825.00","11.70K","-0.38%"
"08/04/2025","81,318.60","80,885.00","81,383.20","80,841.95","8.88K","0.50%"
"08/01/2025","80,912.80","81,555.00","81,576.00","80,801.70","5.94K","-0.79%"
"07/31/2025","81,555.05","81,599.00","82,120.00","81,094.20","6.24K","-0.37%"
"07/30/2025","81,860.30","81,796.00","81,975.05","81,602.00","3.36K","0.15%"
"07/29/2025","81,738.35","81,200.00","81,786.10","81,085.00","8.24K","0.94%"
"07/28/2025","80,973.90","81,200.00","81,678.45","80,903.40","23.92K","-0.68%"
"07/25/2025","81,530.70","82,140.00","82,140.00","81,498.65","21.02K","-0.91%"
"07/24/2025","82,279.80","82,899.95","82,899.95","82,104.50","16.36K","-0.61%"
"07/23/2025","82,783.90","82,515.85","82,811.00","82,369.90","21.96K","0.60%"
"07/22/2025","82,287.20","82,475.00","82,544.40","82,200.05","12.98K","-0.03%"
"07/21/2025","82,308.30","82,148.80","82,350.00","81,671.40","8.08K","0.39%"
"07/18/2025","81,990.40","82,400.00","82,400.00","81,866.95","7.70K","-0.61%"
"07/17/2025","82,492.05","82,764.00","82,780.00","82,455.20","3.74K","-0.35%"
"07/16/2025","82,781.60","82,898.00","82,898.00","82,474.65","4.12K","-0.06%"
"07/15/2025","82,830.30","82,180.00","82,917.15","82,180.00","5.26K","0.35%"
"07/14/2025","82,539.15","82,525.00","82,720.00","82,270.00","7.16K","-0.31%"
"07/11/2025","82,799.75","83,200.00","83,263.15","82,746.00","5.96K","-0.76%"
"07/10/2025","83,429.90","83,980.00","83,980.00","83,400.00","4.10K","-0.45%"
"07/09/2025","83,809.45","83,829.50","84,015.00","83,740.00","2.78K","-0.12%"
"07/08/2025","83,913.00","83,640.00","83,965.00","83,600.00","3.52K","0.32%"
"07/07/2025","83,646.00","83,500.00","83,759.25","83,445.30","1.96K","0.01%"
"07/04/2025","83,637.95","83,799.95","83,799.95","83,230.30","4.14K","0.12%"
"07/03/2025","83,540.35","83,888.00","84,055.35","83,450.00","7.80K","-0.15%"
"07/02/2025","83,665.30","84,100.00","84,140.00","83,475.00","5.62K","-0.37%"
"07/01/2025","83,978.35","84,021.05","84,120.50","83,802.10","4.86K","0.05%"
"06/30/2025","83,937.10","84,499.25","84,499.25","83,784.50","8.12K","-0.43%"
"06/27/2025","84,300.00","83,873.20","84,321.00","83,873.20","5.60K","0.54%"
"06/26/2025","83,843.20","83,100.00","83,956.70","83,100.00","10.20K","0.98%"
"06/25/2025","83,031.05","82,600.00","83,104.00","82,600.00","3.88K","0.64%"
"06/24/2025","82,499.30","82,600.00","83,407.05","82,412.00","10.76K","0.65%"
"06/23/2025","81,967.25","82,235.95","82,290.30","81,522.50","36.18K","-0.54%"
"06/20/2025","82,409.65","81,650.50","82,476.00","81,555.85","44.98K","1.16%"
"06/19/2025","81,465.70","81,358.70","81,678.30","81,250.00","17.66K","0.00%"
"06/18/2025","81,468.50","81,450.05","81,943.30","81,350.00","25.02K","-0.13%"
"06/17/2025","81,575.95","81,900.00","81,961.55","81,456.60","27.40K","-0.39%"
"06/16/2025","81,896.35","81,481.10","81,956.00","81,215.00","23.16K","0.94%"
"06/13/2025","81,135.30","81,200.00","81,300.00","80,699.60","13.52K","-0.83%"
"06/12/2025","81,817.55","82,699.75","82,840.00","81,736.75","15.48K","-1.07%"
"06/11/2025","82,699.75","82,385.00","82,970.00","82,385.00","8.86K","0.19%"
"06/10/2025","82,541.20","82,674.95","82,812.85","82,470.75","6.58K","-0.15%"
"06/09/2025","82,665.15","82,450.00","82,797.80","82,450.00","4.54K","0.30%"
"06/06/2025","82,419.00","81,750.00","82,554.85","81,431.00","12.82K","0.81%"
"06/05/2025","81,758.95","81,250.15","82,181.05","81,250.15","10.70K","0.53%"
"06/04/2025","81,324.75","81,182.00","81,400.00","81,038.65","4.26K","0.17%"
"06/03/2025","81,182.80","81,900.00","82,059.80","81,000.00","16.60K","-0.60%"
"06/02/2025","81,676.70","81,312.00","81,800.00","80,980.00","10.38K","-0.17%"
"05/30/2025","81,813.75","81,879.40","82,031.35","81,698.60","3.30K","-0.14%"
"05/29/2025","81,932.50","81,930.00","82,060.00","81,533.80","7.64K","0.31%"
"05/28/2025","81,681.15","81,937.90","82,011.00","81,620.00","5.32K","-0.31%"
"05/27/2025","81,937.90","82,344.30","82,643.25","81,620.00","11.30K","-0.38%"
"05/26/2025","82,250.10","81,801.00","82,607.10","81,801.00","31.94K","0.60%"
"05/23/2025","81,761.55","81,053.80","82,010.00","80,955.25","31.54K","0.88%"
"05/22/2025","81,050.45","81,600.95","81,600.95","80,580.00","36.14K","-0.71%"
"05/21/2025","81,631.15","81,550.00","82,244.30","81,271.10","31.40K","0.20%"
"05/20/2025","81,465.00","82,228.00","82,351.00","81,390.40","24.64K","-0.81%"
"05/19/2025","82,127.75","82,275.00","82,565.70","82,051.35","9.48K","-0.47%"
"05/16/2025","82,513.40","82,505.15","82,677.70","82,320.05","6.76K","0.01%"
"05/15/2025","82,505.15","81,394.20","82,718.85","81,000.00","12.76K","1.24%"
"05/14/2025","81,493.45","81,900.00","81,988.40","81,095.20","8.60K","0.21%"
"05/13/2025","81,320.20","82,757.90","82,757.90","81,200.00","17.56K","-1.64%"
"05/12/2025","82,675.20","80,500.00","82,765.00","80,500.00","10.40K","3.92%"
"05/09/2025","79,558.85","79,488.45","80,000.00","79,350.00","5.88K","-0.91%"
"05/08/2025","80,288.45","80,850.05","80,954.35","80,080.65","3.46K","-0.60%"
"05/07/2025","80,775.15","80,400.00","80,999.95","80,389.00","3.34K","0.09%"
"05/06/2025","80,700.55","81,059.60","81,059.60","80,630.25","3.44K","-0.44%"
"05/05/2025","81,059.60","80,755.65","81,240.00","80,755.65","2.72K","0.51%"
"05/02/2025","80,652.05","80,888.00","81,476.70","80,420.00","4.56K","0.29%"
"04/30/2025","80,419.75","80,250.00","80,598.65","80,231.65","1.48K","-0.07%"
"04/29/2025","80,474.00","81,200.00","81,200.00","80,440.00","2.96K","0.34%"
"04/28/2025","80,202.10","79,211.10","80,296.00","79,211.10","27.84K","1.37%"
"04/25/2025","79,116.10","79,899.90","80,128.50","78,594.80","36.72K","-0.89%"
"04/24/2025","79,829.25","80,026.25","80,268.30","79,772.90","9.52K","-0.39%"
"04/23/2025","80,139.70","80,050.00","80,310.00","79,553.95","17.84K","0.66%"
"04/22/2025","79,613.15","79,454.15","79,834.50","79,350.00","14.64K","0.19%"
"04/21/2025","79,460.85","79,004.65","79,692.45","78,839.05","10.18K","1.15%"
"04/17/2025","78,559.90","76,922.15","78,624.00","76,832.60","10.28K","1.95%"
"04/16/2025","77,059.20","76,687.05","77,151.30","76,650.00","4.18K","0.32%"
"04/15/2025","76,817.10","76,700.00","77,049.65","76,700.00","5.26K","1.78%"
"04/11/2025","75,473.20","75,105.00","75,706.20","75,105.00","4.72K","1.78%"
"04/09/2025","74,150.10","74,790.00","74,790.00","74,000.00","3.76K","-0.70%"
"04/08/2025","74,670.90","74,779.95","75,100.00","73,800.00","3.88K","1.60%"
"04/07/2025","73,492.30","73,800.00","73,899.90","72,300.00","4.30K","-2.88%"
"04/04/2025","75,673.40","76,340.00","76,357.10","75,579.65","3.08K","-1.22%"
"04/03/2025","76,604.70","76,679.95","76,840.00","76,400.00","1.04K","-0.48%"
"04/02/2025","76,971.40","76,762.35","77,050.00","76,650.00","2.14K","0.35%"
"04/01/2025","76,701.65","77,786.00","77,976.35","76,575.00","4.68K","-1.57%"
"03/28/2025","77,922.50","78,200.00","78,327.25","77,600.00","3.40K","-0.43%"
"03/27/2025","78,256.60","78,021.50","78,350.00","77,905.00","0.72K","0.30%"
"03/26/2025","78,021.50","78,601.00","78,849.00","77,959.95","4.98K","-0.91%"
"03/25/2025","78,741.25","78,712.00","79,193.95","78,340.00","8.02K","0.82%"
"03/24/2025","78,099.15","77,150.50","78,192.10","77,150.50","33.12K","1.44%"
"03/21/2025","76,992.75","76,286.60","77,155.30","76,261.25","19.86K","0.72%"
"03/20/2025","76,446.10","75,876.90","76,535.50","75,812.85","17.54K","1.09%"
"03/19/2025","75,620.25","75,499.95","75,691.35","75,350.75","11.38K","0.25%"
"03/18/2025","75,431.80","74,525.00","75,493.50","74,525.00","20.28K","1.47%"
"03/17/2025","74,335.70","74,011.60","74,536.00","74,011.60","4.14K","0.44%"
"03/13/2025","74,011.60","74,111.00","74,480.05","73,943.50","1.80K","-0.30%"
"03/12/2025","74,236.70","74,775.10","74,775.10","73,800.00","2.30K","-0.25%"
"03/11/2025","74,419.40","74,297.00","74,587.00","73,750.10","3.02K","0.16%"
"03/10/2025","74,298.05","74,300.35","74,880.20","74,211.10","2.40K","-0.47%"
"03/07/2025","74,649.35","74,532.95","74,851.00","74,425.90","1.76K","0.16%"
"03/06/2025","74,532.95","74,270.00","74,550.00","73,746.25","1.54K","0.63%"
"03/05/2025","74,069.60","73,450.00","74,250.00","73,438.05","2.18K","0.95%"
"03/04/2025","73,371.60","73,290.85","73,479.95","73,060.00","2.52K","-0.39%"
"03/03/2025","73,659.60","74,135.10","74,135.10","73,287.40","3.36K","-0.24%"
"02/28/2025","73,835.30","74,749.70","74,749.70","73,700.00","3.90K","-1.86%"
"02/27/2025","75,235.90","75,300.00","75,399.90","75,105.10","1.48K","-0.10%"
"02/25/2025","75,314.85","75,002.40","75,499.70","75,002.40","4.76K","0.84%"
"02/24/2025","74,687.00","75,105.00","75,105.00","74,545.05","25.18K","-1.00%"
"02/21/2025","75,441.65","75,463.00","75,800.00","75,271.35","19.94K","-0.56%"
"02/20/2025","75,863.15","75,808.75","75,941.95","75,654.85","10.52K","-0.21%"
"02/19/2025","76,021.60","75,855.75","76,450.00","75,750.00","18.36K","-0.08%"
"02/18/2025","76,085.50","76,150.00","76,210.00","75,650.00","23.06K","-0.17%"
"02/17/2025","76,214.30","76,100.00","76,300.00","75,606.00","8.42K","0.01%"
"02/14/2025","76,209.35","76,650.00","76,650.00","75,693.70","4.06K","-0.25%"
"02/13/2025","76,397.95","76,660.00","76,972.95","76,300.00","3.30K","-0.11%"
"02/12/2025","76,480.40","76,522.85","76,760.00","75,750.00","3.86K","-0.21%"
"02/11/2025","76,637.90","77,590.00","77,590.00","76,394.35","7.20K","-1.24%"
"02/10/2025","77,600.15","78,017.70","78,017.70","77,428.85","1.48K","-0.62%"
"02/07/2025","78,085.30","78,340.00","78,590.00","77,800.00","1.64K","-0.32%"
"02/06/2025","78,335.50","78,600.00","78,600.00","78,250.00","0.84K","-0.33%"
"02/05/2025","78,595.30","78,725.00","78,922.20","78,550.00","1.64K","-0.09%"
"02/04/2025","78,667.95","77,600.20","78,749.85","77,600.20","2.82K","1.53%"
"02/03/2025","77,483.75","77,400.00","77,600.00","77,250.10","3.62K","-0.48%"
"02/01/2025","77,857.30","78,144.65","78,397.90","77,600.00","1.38K","-0.37%"
"01/31/2025","78,144.65","77,325.10","78,198.95","77,300.00","2.58K","0.93%"
"01/30/2025","77,424.55","77,200.00","77,698.80","77,200.00","1.34K","0.29%"
"01/29/2025","77,200.00","76,607.90","77,200.00","76,607.90","0.64K","0.67%"
"01/28/2025","76,684.55","76,300.00","77,369.85","76,280.00","2.18K","1.65%"
"01/27/2025","75,439.45","75,797.30","75,930.00","75,362.35","16.51K","-1.04%"
"01/24/2025","76,229.25","76,686.05","76,960.00","76,134.15","12.08K","-0.47%"
"01/23/2025","76,592.20","76,330.55","76,762.00","76,283.75","7.09K","0.16%"
"01/22/2025","76,473.20","76,226.60","76,510.40","75,863.55","16.33K","0.41%"
"01/21/2025","76,159.00","77,223.45","77,365.45","75,983.40","28.40K","-1.50%"
"01/20/2025","77,316.90","76,811.10","77,449.95","76,811.10","4.64K","0.64%"
"01/17/2025","76,826.10","76,900.00","77,001.30","76,468.85","2.00K","-0.52%"
"01/16/2025","77,230.00","77,300.00","77,374.20","77,150.00","1.72K","0.39%"
"01/15/2025","76,928.85","76,750.10","77,106.00","76,701.00","2.41K","0.04%"
"01/14/2025","76,897.15","76,750.00","77,077.10","76,680.10","2.78K","0.32%"
"01/13/2025","76,649.50","77,444.00","77,444.00","76,499.95","3.46K","-1.34%"
"01/10/2025","77,688.00","78,088.05","78,238.75","77,500.00","3.00K","-0.51%"
"01/09/2025","78,088.05","78,400.00","78,400.00","77,977.85","1.85K","-0.55%"
"01/08/2025","78,522.85","78,548.15","78,681.35","77,900.00","3.92K","-0.03%"
"01/07/2025","78,548.15","78,640.00","78,800.00","78,400.00","2.93K","0.13%"
"01/06/2025","78,448.85","80,199.50","80,199.50","78,350.00","4.49K","-1.66%"
"01/03/2025","79,770.25","80,200.00","80,329.90","79,700.00","4.91K","-0.79%"
"01/02/2025","80,409.50","79,249.85","80,425.00","79,249.00","1.57K","1.46%"
"01/01/2025","79,250.75","78,900.00","79,399.00","78,600.00","0.73K","0.40%"
"12/31/2024","78,936.65","78,920.00","79,098.40","78,335.20","1.50K","-0.22%"
"12/30/2024","79,108.30","79,275.00","79,799.20","78,921.00","2.00K","0.52%"
"12/27/2024","78,699.07","78,685.45","79,000.00","78,663.30","48.97K","0.19%"
"12/26/2024","78,550.35","78,800.00","78,985.15","78,250.00","22.57K","-0.14%"
"12/24/2024","78,662.30","78,669.70","78,989.65","78,462.50","13.24K","-0.01%"
"12/23/2024","78,672.95","78,632.50","79,127.50","78,325.00","19.18K","0.51%"
"12/20/2024","78,275.15","79,402.90","79,750.00","78,137.65","29.85K","-1.43%"
"12/19/2024","79,414.20","79,980.00","79,980.00","79,011.00","4.71K","-1.28%"
"12/18/2024","80,441.80","81,050.00","81,110.00","80,333.35","4.12K","-0.77%"
"12/17/2024","81,063.05","81,950.00","81,950.00","80,930.00","6.41K","-1.13%"
"12/16/2024","81,992.75","82,165.00","82,286.65","81,750.10","3.58K","-0.31%"
"12/13/2024","82,250.55","81,300.00","82,320.00","80,250.00","11.34K","0.76%"
"12/12/2024","81,632.90","82,500.00","82,500.00","81,550.10","0.87K","-0.23%"
"12/11/2024","81,821.70","81,695.15","82,030.00","81,695.15","1.07K","0.05%"
"12/10/2024","81,776.90","81,800.00","81,980.00","81,501.45","1.73K","-0.01%"
"12/09/2024","81,784.75","82,300.00","82,300.00","81,702.10","1.47K","-0.29%"
"12/06/2024","82,023.60","82,076.40","82,222.00","81,801.00","1.57K","0.04%"
"12/05/2024","81,994.40","81,274.35","82,650.00","80,567.00","3.04K","0.89%"
"12/04/2024","81,274.35","81,500.00","81,649.00","80,999.85","2.19K","0.04%"
"12/03/2024","81,239.15","80,900.00","81,400.00","80,800.00","1.18K","0.56%"
"12/02/2024","80,790.70","80,200.00","80,948.70","80,050.00","2.55K","1.24%"
"11/29/2024","79,802.79","79,213.95","79,922.65","79,109.25","55.95K","0.88%"
"11/28/2024","79,108.80","80,397.70","80,525.30","78,968.85","17.07K","-1.51%"
"11/27/2024","80,325.35","80,050.00","80,566.45","79,892.70","4.31K","0.31%"
"11/26/2024","80,078.05","80,293.75","80,400.00","79,825.00","6.39K","-0.17%"
"11/25/2024","80,214.70","80,000.00","80,526.10","79,700.00","11.53K","1.49%"
"11/22/2024","79,036.70","77,400.00","79,211.85","77,400.00","20.50K","2.45%"
"11/21/2024","77,143.15","77,188.20","77,354.25","76,923.25","4.58K","-0.64%"
"11/19/2024","77,641.85","77,820.00","78,650.25","77,540.00","2.56K","0.06%"
"11/18/2024","77,594.60","77,993.85","77,993.85","77,234.85","2.34K","-0.36%"
"11/14/2024","77,878.50","77,972.10","78,379.20","77,731.05","2.33K","-0.22%"
"11/13/2024","78,050.15","78,800.00","79,130.00","77,931.65","1.82K","-1.23%"
"11/12/2024","79,019.30","79,700.10","80,199.50","78,965.65","2.22K","-1.16%"
"11/11/2024","79,949.35","79,786.10","80,453.40","79,600.00","0.74K","0.10%"
"11/08/2024","79,866.75","79,507.05","80,100.00","79,507.05","2.29K","-0.22%"
"11/07/2024","80,041.20","80,600.00","80,604.00","80,000.00","0.66K","-0.96%"
"11/06/2024","80,813.50","80,000.00","80,989.95","80,000.00","1.30K","1.20%"
"11/05/2024","79,853.40","79,300.00","79,948.95","79,100.00","0.69K","0.52%"
"11/04/2024","79,443.05","79,625.10","79,780.00","79,000.00","1.19K","-0.85%"
"11/01/2024","80,126.15","80,300.00","80,340.20","80,100.20","0.08K","-0.22%"
"10/31/2024","80,301.65","80,790.35","80,790.35","80,100.00","0.40K","-0.60%"
"10/30/2024","80,790.35","80,789.90","81,009.00","80,631.00","0.19K","-0.39%"
"10/29/2024","81,110.45","80,111.10","81,149.00","80,111.10","0.23K","0.69%"
"10/28/2024","80,554.65","80,756.00","81,056.05","79,707.50","1.37K","1.45%"
"10/25/2024","79,402.29","80,094.75","80,284.00","78,560.35","31.52K","-0.96%"
"10/24/2024","80,172.25","80,241.25","80,284.95","79,853.20","7.26K","0.01%"
"10/23/2024","80,164.15","80,268.80","80,722.15","80,073.45","3.83K","-0.23%"
"10/22/2024","80,348.00","81,258.65","81,596.50","80,200.00","3.81K","-0.94%"
"10/21/2024","81,111.25","81,727.95","81,727.95","80,900.00","9.25K","-0.43%"
"10/18/2024","81,460.15","80,885.00","81,573.80","80,600.00","6.33K","0.34%"
"10/17/2024","81,182.75","81,814.50","81,814.50","81,143.75","1.69K","-0.65%"
"10/16/2024","81,714.50","81,750.10","82,099.00","81,524.85","0.98K","-0.20%"
"10/15/2024","81,880.00","82,305.00","82,320.00","81,750.10","0.40K","-0.43%"
"10/14/2024","82,235.35","81,997.95","82,340.00","81,750.00","0.56K","0.60%"
"10/11/2024","81,746.60","81,810.05","82,182.50","81,680.00","1.01K","-0.22%"
"10/10/2024","81,926.40","82,000.90","82,300.00","81,901.00","0.16K","0.10%"
"10/09/2024","81,846.10","82,000.30","82,679.00","81,749.95","0.90K","-0.19%"
"10/08/2024","81,999.95","81,700.00","82,199.65","81,301.00","0.35K","0.37%"
"10/07/2024","81,700.00","82,500.05","82,689.95","81,400.00","0.48K","-0.72%"
"10/04/2024","82,288.85","83,000.00","83,678.90","82,211.00","2.32K","-1.10%"
"10/03/2024","83,203.35","84,300.00","84,300.00","83,010.05","1.72K","-1.91%"
"10/01/2024","84,823.10","84,900.00","84,984.90","84,420.10","1.16K","-0.02%"
"09/30/2024","84,837.45","85,599.95","86,490.00","84,615.00","2.30K","-0.86%"
"09/27/2024","85,571.85","85,752.60","86,023.70","85,563.00","45.88K","-0.21%"
"09/26/2024","85,752.60","85,178.00","85,824.70","85,178.00","26.23K","0.78%"
"09/25/2024","85,091.55","84,815.00","85,161.50","84,731.80","7.23K","0.25%"
"09/24/2024","84,877.20","84,804.15","85,063.65","84,783.65","18.67K","0.10%"
"09/23/2024","84,795.25","84,600.00","84,891.60","84,600.00","12.94K","0.60%"
"09/20/2024","84,292.30","83,736.90","84,382.65","83,245.95","38.31K","1.03%"
"09/19/2024","83,436.90","83,480.00","83,805.00","83,200.00","2.24K","0.58%"
"09/18/2024","82,958.55","83,105.10","83,362.00","82,800.00","1.07K","-0.28%"
"09/17/2024","83,188.25","83,099.90","83,198.45","82,990.00","0.59K","0.07%"
"09/16/2024","83,127.70","82,942.20","83,200.00","82,942.20","0.41K","0.22%"
"09/13/2024","82,942.15","82,700.00","83,099.95","82,700.00","1.37K","0.06%"
"09/12/2024","82,894.45","81,300.00","83,082.00","81,300.00","3.23K","1.47%"
"09/11/2024","81,690.85","81,911.90","82,200.00","81,602.00","1.07K","-0.47%"
"09/10/2024","82,075.15","81,800.00","82,284.00","81,555.00","1.19K","0.47%"
"09/09/2024","81,693.30","81,314.65","81,810.95","81,160.10","1.32K","0.28%"
"09/06/2024","81,467.35","82,205.75","82,425.75","81,359.90","5.61K","-1.16%"
"09/05/2024","82,425.75","82,698.80","82,698.80","82,327.50","0.39K","0.09%"
"09/04/2024","82,349.55","82,200.75","82,399.95","82,150.00","1.15K","-0.39%"
"09/03/2024","82,669.75","82,544.05","82,700.00","82,544.05","0.26K","0.05%"
"09/02/2024","82,626.65","82,644.00","82,725.00","82,500.00","0.71K","0.32%"
"08/30/2024","82,365.77","82,303.00","82,530.10","82,219.90","82.71K","0.24%"
"08/29/2024","82,169.80","81,795.10","82,250.00","81,721.80","19.93K","0.45%"
"08/28/2024","81,803.10","81,750.00","82,074.30","81,657.70","15.43K","0.08%"
"08/27/2024","81,734.00","81,799.95","81,940.55","81,649.90","9.68K","-0.07%"
"08/26/2024","81,792.70","81,201.00","81,882.00","81,201.00","5.54K","0.77%"
"08/23/2024","81,171.40","81,160.95","81,300.00","81,000.00","7.18K","0.01%"
"08/22/2024","81,161.50","81,000.00","81,288.90","81,000.00","2.27K","0.21%"
"08/21/2024","80,987.80","80,651.35","81,000.00","80,651.35","0.65K","0.19%"
"08/20/2024","80,835.45","80,600.00","81,000.00","80,600.00","1.07K","0.38%"
"08/19/2024","80,530.40","80,500.00","80,723.60","80,350.00","0.66K","0.09%"
"08/16/2024","80,455.60","79,800.00","80,551.90","79,501.10","3.90K","1.44%"
"08/14/2024","79,311.60","79,200.00","79,468.85","79,150.00","0.28K","0.05%"
"08/13/2024","79,268.85","79,550.20","79,871.75","79,198.60","0.51K","-0.57%"
"08/12/2024","79,725.85","79,990.00","80,298.00","79,600.00","1.13K","-0.27%"
"08/09/2024","79,943.90","79,750.00","80,190.00","79,702.10","4.70K","0.90%"
"08/08/2024","79,231.15","79,500.00","79,679.00","79,100.00","0.43K","-0.71%"
"08/07/2024","79,798.25","79,575.00","80,593.60","79,450.90","0.98K","0.89%"
"08/06/2024","79,093.60","79,425.00","80,039.75","78,920.00","1.39K","-0.01%"
"08/05/2024","79,098.95","80,456.65","80,456.65","78,600.00","2.77K","-2.38%"
"08/02/2024","81,025.65","81,400.00","81,449.85","80,998.00","3.29K","-1.02%"
"08/01/2024","81,862.55","82,000.00","82,112.55","81,711.00","1.51K","0.06%"
"07/31/2024","81,809.70","81,774.80","81,882.15","81,600.00","0.57K","0.24%"
"07/30/2024","81,612.35","81,420.00","81,800.00","81,420.00","0.63K","0.23%"
"07/29/2024","81,428.20","81,898.85","81,913.15","81,400.00","1.35K","0.12%"
"07/26/2024","81,332.72","80,098.15","81,599.95","80,085.05","72.57K","1.62%"
"07/25/2024","80,038.15","79,966.95","80,127.00","79,553.35","11.63K","-0.16%"
"07/24/2024","80,165.90","80,420.00","80,510.10","79,800.00","6.74K","-0.31%"
"07/23/2024","80,418.95","81,000.00","81,000.00","79,335.10","20.04K","-0.17%"
"07/22/2024","80,557.45","80,600.00","80,868.80","80,200.00","7.85K","-0.12%"
"07/19/2024","80,655.65","81,101.05","81,369.90","80,600.00","13.01K","-0.88%"
"07/18/2024","81,375.80","80,570.80","81,515.55","80,520.00","3.09K","0.75%"
"07/16/2024","80,770.75","80,790.00","80,900.00","80,625.00","0.99K","-0.01%"
"07/15/2024","80,778.50","80,550.05","80,829.40","80,550.05","0.59K","0.33%"
"07/12/2024","80,510.20","80,107.55","80,990.20","80,000.20","2.84K","0.50%"
"07/11/2024","80,107.60","79,968.80","80,164.25","79,620.00","0.63K","0.08%"
"07/10/2024","80,043.50","80,250.15","80,293.70","79,700.00","2.36K","-0.42%"
"07/09/2024","80,383.65","80,100.00","80,418.40","80,100.00","0.62K","0.44%"
"07/08/2024","80,030.90","79,706.55","80,098.45","79,706.55","0.41K","-0.01%"
"07/05/2024","80,036.00","79,999.90","80,100.00","79,608.30","1.71K","0.01%"
"07/04/2024","80,028.30","80,000.00","80,395.80","80,000.00","0.83K","0.10%"
"07/03/2024","79,948.80","79,610.00","79,999.85","79,610.00","0.75K","0.55%"
"07/02/2024","79,510.10","79,447.00","79,743.95","79,225.00","0.75K","0.08%"
"07/01/2024","79,449.90","79,200.00","79,470.00","79,200.00","0.34K","0.53%"
"06/28/2024","79,032.73","79,300.00","79,638.20","78,994.60","36.36K","-0.30%"
"06/27/2024","79,267.35","78,523.00","79,356.45","78,423.00","9.65K","0.88%"
"06/26/2024","78,577.25","77,900.00","78,666.00","77,857.75","4.73K","0.82%"
"06/25/2024","77,934.60","77,379.95","77,964.35","77,379.95","7.79K","0.77%"
"06/24/2024","77,337.90","77,172.40","77,391.95","76,851.00","4.67K","0.21%"
"06/21/2024","77,172.45","77,485.35","77,646.95","76,910.80","13.55K","-0.40%"
"06/20/2024","77,485.35","77,300.05","77,600.00","77,089.25","0.80K","0.25%"
"06/19/2024","77,295.55","77,482.25","77,800.05","77,020.00","1.26K","0.00%"
"06/18/2024","77,297.10","77,100.00","77,337.70","77,084.65","0.96K","0.53%"
"06/14/2024","76,888.85","76,850.50","76,998.00","76,500.25","1.65K","0.00%"
"06/13/2024","76,888.85","77,477.00","77,477.00","76,800.00","1.19K","0.18%"
"06/12/2024","76,750.00","76,630.00","77,100.05","76,630.00","0.47K","0.14%"
"06/11/2024","76,641.70","76,557.10","76,900.00","76,532.20","0.39K","0.11%"
"06/10/2024","76,557.10","76,700.00","77,255.20","76,500.00","0.98K","-0.11%"
"06/07/2024","76,640.75","75,013.00","76,789.95","75,013.00","2.65K","1.65%"
"06/06/2024","75,398.05","74,981.55","75,849.60","74,801.25","0.87K","0.96%"
"06/05/2024","74,681.60","74,000.00","74,750.55","72,010.90","0.98K","2.94%"
"06/04/2024","72,545.35","77,105.00","77,105.00","71,000.00","2.10K","-5.76%"
"06/03/2024","76,979.70","76,540.90","77,197.25","74,968.40","1.42K","4.08%"
"05/31/2024","73,961.31","74,200.00","74,566.15","73,830.00","29.10K","-0.06%"
"05/30/2024","74,002.50","74,500.00","74,565.05","73,785.25","13.64K","-0.97%"
"05/29/2024","74,727.55","75,189.50","75,189.50","74,667.05","8.62K","-0.90%"
"05/28/2024","75,402.80","75,600.00","75,650.40","75,316.75","3.70K","-0.07%"
"05/27/2024","75,454.60","75,557.05","76,100.00","75,372.30","6.15K","-0.14%"
"05/24/2024","75,557.00","75,456.25","75,640.30","74,950.00","2.98K","0.13%"
"05/23/2024","75,456.20","74,391.10","75,500.00","74,391.10","1.30K","1.41%"
"05/22/2024","74,407.45","74,152.05","74,415.15","74,100.00","0.31K","0.35%"
"05/21/2024","74,150.00","74,258.25","74,390.00","73,949.95","0.39K","0.19%"
"05/17/2024","74,009.45","73,700.05","74,150.05","73,699.95","0.58K","0.20%"
"05/16/2024","73,859.05","73,330.00","73,902.00","73,000.00","0.82K","0.72%"
"05/15/2024","73,330.00","73,300.05","73,436.65","73,155.05","0.18K","-0.22%"
"05/14/2024","73,495.00","73,350.00","73,548.95","73,100.00","0.33K","0.39%"
"05/13/2024","73,213.00","72,650.05","73,250.00","72,350.00","0.37K","0.14%"
"05/10/2024","73,113.70","73,000.00","73,390.00","72,511.00","0.96K","0.12%"
"05/09/2024","73,027.75","73,798.80","73,798.80","72,800.00","0.53K","-1.07%"
"05/08/2024","73,817.00","73,895.00","74,000.00","73,650.00","0.13K","-0.11%"
"05/07/2024","73,900.00","74,010.05","74,100.00","73,800.00","0.27K","-0.57%"
"05/06/2024","74,323.90","74,490.00","74,763.40","74,292.25","0.21K","-0.12%"
"05/03/2024","74,410.00","75,399.90","75,399.90","74,100.00","1.23K","-0.83%"
"05/02/2024","75,033.50","75,488.95","75,488.95","74,914.95","0.35K","0.00%"
"04/30/2024","75,033.50","75,013.75","75,489.00","75,000.00","0.22K","0.03%"
"04/29/2024","75,013.75","74,010.00","75,124.50","74,010.00","0.44K","1.74%"
"04/26/2024","73,730.16","74,346.25","74,428.90","73,690.10","26.36K","-0.83%"
"04/25/2024","74,350.55","73,740.50","74,500.00","73,671.65","7.79K","0.57%"
"04/24/2024","73,927.25","73,899.95","74,083.75","73,829.10","4.52K","0.19%"
"04/23/2024","73,784.45","73,869.75","73,908.40","73,717.00","3.36K","0.09%"
"04/22/2024","73,720.15","73,424.95","73,811.70","72,511.00","6.62K","0.88%"
"04/19/2024","73,077.15","71,950.00","73,160.05","71,950.00","18.07K","0.50%"
"04/18/2024","72,710.85","73,399.95","73,501.60","72,627.00","6.01K","-0.55%"
"04/16/2024","73,116.25","73,299.00","73,299.00","72,867.00","1.83K","-0.73%"
"04/15/2024","73,654.65","74,000.00","74,099.95","73,651.00","1.02K","-1.17%"
"04/12/2024","74,527.70","75,519.95","75,519.95","74,457.05","0.92K","-1.31%"
"04/10/2024","75,519.95","75,099.95","75,589.90","74,861.05","0.06K","0.64%"
"04/09/2024","75,038.95","75,000.00","75,071.95","74,850.00","0.15K","0.19%"
"04/08/2024","74,900.00","74,600.00","74,900.00","74,600.00","0.13K","0.44%"
"04/05/2024","74,569.55","74,300.00","74,589.95","74,299.95","0.15K","0.09%"
"04/04/2024","74,500.00","74,285.00","74,600.00","73,958.00","0.24K","0.29%"
"04/03/2024","74,285.00","73,520.00","74,398.15","73,520.00","0.12K","-0.02%"
"04/02/2024","74,300.00","74,200.00","74,300.00","74,200.00","0.10K","-0.01%"
"04/01/2024","74,304.75","74,380.00","74,555.00","74,250.00","0.49K","0.89%"
"03/28/2024","73,651.35","73,200.05","74,233.30","73,200.00","20.15K","0.77%"
"03/27/2024","73,088.25","72,752.05","73,150.00","72,703.05","5.09K","0.46%"
"03/26/2024","72,752.05","72,821.45","72,866.00","72,665.25","3.18K","-0.41%"
"03/22/2024","73,049.05","72,944.65","73,349.55","72,401.75","7.46K","0.16%"
"03/21/2024","72,934.95","72,511.00","73,038.90","72,351.00","1.82K","0.79%"
"03/20/2024","72,366.30","72,438.00","72,590.00","71,965.80","1.37K","0.16%"
"03/19/2024","72,252.20","72,900.05","72,900.05","72,240.00","1.07K","-0.96%"
"03/18/2024","72,955.10","73,200.00","73,200.00","72,901.10","0.32K","-0.02%"
"03/15/2024","72,972.80","73,104.00","73,230.90","72,720.00","0.68K","-0.72%"
"03/14/2024","73,500.00","72,885.00","73,758.95","72,500.00","0.31K","0.68%"
"03/13/2024","73,000.00","74,350.00","74,350.00","73,000.00","0.42K","-1.40%"
"03/12/2024","74,040.00","74,100.00","74,100.00","73,800.00","0.15K","0.12%"
"03/11/2024","73,950.00","73,810.00","74,599.00","73,810.00","0.14K","-0.22%"
"03/07/2024","74,115.00","74,486.45","74,486.45","74,115.00","0.19K","-0.50%"
"03/06/2024","74,486.45","73,800.00","74,850.00","73,625.00","0.43K","0.86%"
"03/05/2024","73,850.00","73,885.00","74,000.00","73,600.00","0.25K","-0.20%"
"03/04/2024","73,995.00","73,947.90","74,000.00","73,900.00","0.10K","0.22%"
"03/01/2024","73,829.90","72,876.70","73,913.90","72,876.70","1.09K","1.31%"
"02/29/2024","72,876.70","72,876.70","72,876.70","72,876.70","","-0.34%"
"02/28/2024","73,128.75","73,335.00","73,470.85","73,020.00","0.14K","-0.51%"
"02/27/2024","73,501.90","73,501.90","73,501.90","73,501.90","","0.13%"
"02/26/2024","73,408.50","73,604.15","73,604.15","73,407.00","0.04K","0.36%"
"02/23/2024","73,142.80","73,326.70","73,434.40","73,129.50","16.82K","-0.05%"
"02/22/2024","73,179.30","72,699.85","73,281.30","72,100.00","10.90K","0.79%"
"02/21/2024","72,604.40","73,000.00","73,176.00","72,436.55","5.72K","-0.56%"
"02/20/2024","73,010.85","72,615.00","73,048.60","72,515.25","4.78K","0.40%"
"02/19/2024","72,718.50","72,520.95","72,918.05","72,323.90","4.61K","0.35%"
"02/16/2024","72,461.80","72,283.95","72,563.40","72,283.95","5.53K","0.25%"
"02/15/2024","72,283.95","72,097.65","72,330.60","71,751.05","4.19K","0.35%"
"02/14/2024","72,034.00","71,101.25","72,119.15","71,025.00","2.93K","0.50%"
"02/13/2024","71,673.35","71,267.70","71,794.10","71,249.25","0.71K","0.60%"
"02/12/2024","71,249.25","71,800.00","71,800.00","71,203.70","0.36K","-0.76%"
"02/09/2024","71,793.90","71,907.65","73,990.00","71,360.05","0.23K","0.13%"
"02/08/2024","71,702.30","71,425.00","72,333.50","71,425.00","0.18K","-0.96%"
"02/07/2024","72,400.00","72,110.00","72,610.05","72,110.00","0.04K","-0.06%"
"02/06/2024","72,442.00","73,790.00","73,790.00","70,910.00","0.11K","0.57%"
"02/05/2024","72,034.25","70,100.00","72,488.75","70,100.00","0.07K","-0.38%"
"02/02/2024","72,312.05","72,083.35","73,100.00","72,083.35","0.17K","0.32%"
"02/01/2024","72,083.35","72,201.95","72,515.90","71,950.00","0.10K","-0.16%"
"01/31/2024","72,201.95","72,106.65","72,300.00","72,103.90","0.05K","0.51%"
"01/30/2024","71,837.70","72,274.95","73,977.00","71,720.00","0.15K","-0.60%"
"01/29/2024","72,274.95","72,274.95","72,274.95","72,274.95","","2.23%"
"01/25/2024","70,700.67","71,000.00","71,000.05","70,279.00","8.30K","-0.65%"
"01/24/2024","71,160.25","70,182.50","71,250.00","70,013.45","6.91K","1.24%"
"01/23/2024","70,290.30","71,861.50","72,072.60","70,160.00","8.26K","-2.18%"
"01/19/2024","71,860.15","71,850.00","72,050.00","71,662.10","8.55K","0.54%"
"01/18/2024","71,472.80","71,400.00","71,609.45","70,782.30","3.48K","-0.20%"
"01/17/2024","71,615.20","72,560.00","72,623.00","71,540.00","2.96K","-2.08%"
"01/16/2024","73,137.55","73,300.00","73,450.45","72,954.70","1.54K","-0.40%"
"01/15/2024","73,431.35","72,900.00","73,455.00","72,900.00","0.80K","0.94%"
"01/12/2024","72,747.05","71,840.00","72,911.25","71,840.00","2.60K","1.23%"
"01/11/2024","71,862.15","71,864.60","71,890.00","71,826.30","0.52K","0.65%"
"01/10/2024","71,401.00","71,555.00","71,990.00","71,399.00","0.07K","-1.18%"
"01/09/2024","72,250.00","72,100.00","72,250.00","72,100.00","0.02K","0.50%"
"01/08/2024","71,890.00","72,010.00","72,100.00","71,890.00","0.07K","-0.57%"
"01/05/2024","72,299.05","72,100.00","72,327.40","71,972.75","0.12K","0.03%"
"01/04/2024","72,279.85","71,938.35","72,366.70","71,938.35","0.10K","0.77%"
"01/03/2024","71,726.70","72,224.00","72,224.00","71,653.35","0.07K","-0.69%"
"01/02/2024","72,225.05","72,500.00","72,500.00","72,220.00","0.09K","-0.52%"
"01/01/2024","72,600.00","72,799.00","73,000.00","72,500.00","0.18K","0.50%"